Par_orig,Par_Rscript,Rep_ID,Par_type,Par_size,Precision,Value,ECO_ID,VAR_ID,VAR_name,File,Source
MaxPARCE,maxparce,<p1>,Real,14,4,12.86,SC0007,RB0001,RB867515,SCCAN047.cul,doi: 10.1590/S0100-204X2012000300001
APFMX,apfmx,<p2>,Real,14,4,0.843,SC0007,RB0001,RB867515,SCCAN047.cul,doi: 10.1590/S0100-204X2012000300001
STKPFMAX,stkpfmax,<p3>,Real,14,4,0.699,SC0007,RB0001,RB867515,SCCAN047.cul,doi: 10.1590/S0100-204X2012000300001
SUCA,suca,<p4>,Real,14,4,0.68,SC0007,RB0001,RB867515,SCCAN047.cul,doi: 10.1590/S0100-204X2012000300001
TBFT,tbft,<p5>,Real,14,4,25,SC0007,RB0001,RB867515,SCCAN047.cul,doi: 10.1590/S0100-204X2012000300001
Tthalfo,tthalfo,<p6>,Real,14,4,250.8,SC0007,RB0001,RB867515,SCCAN047.cul,doi: 10.1590/S0100-204X2012000300001
TBase,tbase,<p7>,Real,14,4,15.71,SC0007,RB0001,RB867515,SCCAN047.cul,doi: 10.1590/S0100-204X2012000300001
LFMAX,lfmax,<p8>,Real,14,4,9.96,SC0007,RB0001,RB867515,SCCAN047.cul,doi: 10.1590/S0100-204X2012000300001
MXLFAREA,mxlfarea,<p9>,Real,14,4,500.2,SC0007,RB0001,RB867515,SCCAN047.cul,doi: 10.1590/S0100-204X2012000300001
MXLFARNO,mxlfarno,<p10>,Real,14,4,17.19,SC0007,RB0001,RB867515,SCCAN047.cul,doi: 10.1590/S0100-204X2012000300001
PI1,pi1,<p11>,Real,14,4,89,SC0007,RB0001,RB867515,SCCAN047.cul,doi: 10.1590/S0100-204X2012000300001
PI2,pi2,<p12>,Real,14,4,150,SC0007,RB0001,RB867515,SCCAN047.cul,doi: 10.1590/S0100-204X2012000300001
PSWITCH,pswitch,<p13>,Real,14,4,16.14,SC0007,RB0001,RB867515,SCCAN047.cul,doi: 10.1590/S0100-204X2012000300001
TTPLNTEM,ttplntem,<p14>,Real,14,4,300.4,SC0007,RB0001,RB867515,SCCAN047.cul,doi: 10.1590/S0100-204X2012000300001
TTRATNEM,ttratem,<p15>,Real,14,4,290.9,SC0007,RB0001,RB867515,SCCAN047.cul,doi: 10.1590/S0100-204X2012000300001
CHUPIBASE,chupibase,<p16>,Real,14,4,855,SC0007,RB0001,RB867515,SCCAN047.cul,doi: 10.1590/S0100-204X2012000300001
TT_POPGROWTH,tt_popgrowth,<p17>,Real,14,4,650.4,SC0007,RB0001,RB867515,SCCAN047.cul,doi: 10.1590/S0100-204X2012000300001
MAX_POP,max_pop,<p18>,Real,14,4,20.35,SC0007,RB0001,RB867515,SCCAN047.cul,doi: 10.1590/S0100-204X2012000300001
POPTT16,poptt16,<p19>,Real,14,4,8.19,SC0007,RB0001,RB867515,SCCAN047.cul,doi: 10.1590/S0100-204X2012000300001
LG_AMBASE,lg_ambase,<p20>,Real,14,4,220,SC0007,RB0001,RB867515,SCCAN047.cul,doi: 10.1590/S0100-204X2012000300001
MaxPARCE,maxparce,<p1>,Real,14,4,9.9,SC0007,RB0002,RB93509,SCCAN047.cul,doi: 10.9755/ejfa.2018.v30.i3.1640
APFMX,apfmx,<p2>,Real,14,4,0.88,SC0007,RB0002,RB93509,SCCAN047.cul,doi: 10.9755/ejfa.2018.v30.i3.1640
STKPFMAX,stkpfmax,<p3>,Real,14,4,0.65,SC0007,RB0002,RB93509,SCCAN047.cul,doi: 10.9755/ejfa.2018.v30.i3.1640
SUCA,suca,<p4>,Real,14,4,0.58,SC0007,RB0002,RB93509,SCCAN047.cul,doi: 10.9755/ejfa.2018.v30.i3.1640
TBFT,tbft,<p5>,Real,14,4,25,SC0007,RB0002,RB93509,SCCAN047.cul,doi: 10.9755/ejfa.2018.v30.i3.1640
Tthalfo,tthalfo,<p6>,Real,14,4,250,SC0007,RB0002,RB93509,SCCAN047.cul,doi: 10.9755/ejfa.2018.v30.i3.1640
TBase,tbase,<p7>,Real,14,4,16,SC0007,RB0002,RB93509,SCCAN047.cul,doi: 10.9755/ejfa.2018.v30.i3.1640
LFMAX,lfmax,<p8>,Real,14,4,12,SC0007,RB0002,RB93509,SCCAN047.cul,doi: 10.9755/ejfa.2018.v30.i3.1640
MXLFAREA,mxlfarea,<p9>,Real,14,4,360,SC0007,RB0002,RB93509,SCCAN047.cul,doi: 10.9755/ejfa.2018.v30.i3.1640
MXLFARNO,mxlfarno,<p10>,Real,14,4,15,SC0007,RB0002,RB93509,SCCAN047.cul,doi: 10.9755/ejfa.2018.v30.i3.1640
PI1,pi1,<p11>,Real,14,4,69,SC0007,RB0002,RB93509,SCCAN047.cul,doi: 10.9755/ejfa.2018.v30.i3.1640
PI2,pi2,<p12>,Real,14,4,169,SC0007,RB0002,RB93509,SCCAN047.cul,doi: 10.9755/ejfa.2018.v30.i3.1640
PSWITCH,pswitch,<p13>,Real,14,4,18,SC0007,RB0002,RB93509,SCCAN047.cul,doi: 10.9755/ejfa.2018.v30.i3.1640
TTPLNTEM,ttplntem,<p14>,Real,14,4,428,SC0007,RB0002,RB93509,SCCAN047.cul,doi: 10.9755/ejfa.2018.v30.i3.1640
TTRATNEM,ttratem,<p15>,Real,14,4,203,SC0007,RB0002,RB93509,SCCAN047.cul,doi: 10.9755/ejfa.2018.v30.i3.1640
CHUPIBASE,chupibase,<p16>,Real,14,4,1050,SC0007,RB0002,RB93509,SCCAN047.cul,doi: 10.9755/ejfa.2018.v30.i3.1640
TT_POPGROWTH,tt_popgrowth,<p17>,Real,14,4,600,SC0007,RB0002,RB93509,SCCAN047.cul,doi: 10.9755/ejfa.2018.v30.i3.1640
MAX_POP,max_pop,<p18>,Real,14,4,30,SC0007,RB0002,RB93509,SCCAN047.cul,doi: 10.9755/ejfa.2018.v30.i3.1640
POPTT16,poptt16,<p19>,Real,14,4,13.3,SC0007,RB0002,RB93509,SCCAN047.cul,doi: 10.9755/ejfa.2018.v30.i3.1640
LG_AMBASE,lg_ambase,<p20>,Real,14,4,220,SC0007,RB0002,RB93509,SCCAN047.cul,doi: 10.9755/ejfa.2018.v30.i3.1640
MaxPARCE,maxparce,<p1>,Real,14,4,13.5,SC0007,RB0003,RB92579,SCCAN047.cul,doi: 10.7127/RBAI.V10N300385
APFMX,apfmx,<p2>,Real,14,4,0.9,SC0007,RB0003,RB92579,SCCAN047.cul,doi: 10.7127/RBAI.V10N300385
STKPFMAX,stkpfmax,<p3>,Real,14,4,0.88,SC0007,RB0003,RB92579,SCCAN047.cul,doi: 10.7127/RBAI.V10N300385
SUCA,suca,<p4>,Real,14,4,0.57,SC0007,RB0003,RB92579,SCCAN047.cul,doi: 10.7127/RBAI.V10N300385
TBFT,tbft,<p5>,Real,14,4,25,SC0007,RB0003,RB92579,SCCAN047.cul,doi: 10.7127/RBAI.V10N300385
Tthalfo,tthalfo,<p6>,Real,14,4,230,SC0007,RB0003,RB92579,SCCAN047.cul,doi: 10.7127/RBAI.V10N300385
TBase,tbase,<p7>,Real,14,4,14,SC0007,RB0003,RB92579,SCCAN047.cul,doi: 10.7127/RBAI.V10N300385
LFMAX,lfmax,<p8>,Real,14,4,8,SC0007,RB0003,RB92579,SCCAN047.cul,doi: 10.7127/RBAI.V10N300385
MXLFAREA,mxlfarea,<p9>,Real,14,4,680,SC0007,RB0003,RB92579,SCCAN047.cul,doi: 10.7127/RBAI.V10N300385
MXLFARNO,mxlfarno,<p10>,Real,14,4,14,SC0007,RB0003,RB92579,SCCAN047.cul,doi: 10.7127/RBAI.V10N300385
PI1,pi1,<p11>,Real,14,4,65,SC0007,RB0003,RB92579,SCCAN047.cul,doi: 10.7127/RBAI.V10N300385
PI2,pi2,<p12>,Real,14,4,179,SC0007,RB0003,RB92579,SCCAN047.cul,doi: 10.7127/RBAI.V10N300385
PSWITCH,pswitch,<p13>,Real,14,4,18,SC0007,RB0003,RB92579,SCCAN047.cul,doi: 10.7127/RBAI.V10N300385
TTPLNTEM,ttplntem,<p14>,Real,14,4,615,SC0007,RB0003,RB92579,SCCAN047.cul,doi: 10.7127/RBAI.V10N300385
TTRATNEM,ttratem,<p15>,Real,14,4,203,SC0007,RB0003,RB92579,SCCAN047.cul,doi: 10.7127/RBAI.V10N300385
CHUPIBASE,chupibase,<p16>,Real,14,4,533,SC0007,RB0003,RB92579,SCCAN047.cul,doi: 10.7127/RBAI.V10N300385
TT_POPGROWTH,tt_popgrowth,<p17>,Real,14,4,789,SC0007,RB0003,RB92579,SCCAN047.cul,doi: 10.7127/RBAI.V10N300385
MAX_POP,max_pop,<p18>,Real,14,4,28,SC0007,RB0003,RB92579,SCCAN047.cul,doi: 10.7127/RBAI.V10N300385
POPTT16,poptt16,<p19>,Real,14,4,11,SC0007,RB0003,RB92579,SCCAN047.cul,doi: 10.7127/RBAI.V10N300385
LG_AMBASE,lg_ambase,<p20>,Real,14,4,220,SC0007,RB0003,RB92579,SCCAN047.cul,doi: 10.7127/RBAI.V10N300385
MaxPARCE,maxparce,<p1>,Real,14,4,11.99,SC0008,CT0001,CTC4,SCCAN047.cul,doi: 10.1590/S0100-204X2012000300001
APFMX,apfmx,<p2>,Real,14,4,0.884,SC0008,CT0001,CTC4,SCCAN047.cul,doi: 10.1590/S0100-204X2012000300001
STKPFMAX,stkpfmax,<p3>,Real,14,4,0.7,SC0008,CT0001,CTC4,SCCAN047.cul,doi: 10.1590/S0100-204X2012000300001
SUCA,suca,<p4>,Real,14,4,0.689,SC0008,CT0001,CTC4,SCCAN047.cul,doi: 10.1590/S0100-204X2012000300001
TBFT,tbft,<p5>,Real,14,4,25,SC0008,CT0001,CTC4,SCCAN047.cul,doi: 10.1590/S0100-204X2012000300001
Tthalfo,tthalfo,<p6>,Real,14,4,230.4,SC0008,CT0001,CTC4,SCCAN047.cul,doi: 10.1590/S0100-204X2012000300001
TBase,tbase,<p7>,Real,14,4,14.49,SC0008,CT0001,CTC4,SCCAN047.cul,doi: 10.1590/S0100-204X2012000300001
LFMAX,lfmax,<p8>,Real,14,4,9.924,SC0008,CT0001,CTC4,SCCAN047.cul,doi: 10.1590/S0100-204X2012000300001
MXLFAREA,mxlfarea,<p9>,Real,14,4,500.2,SC0008,CT0001,CTC4,SCCAN047.cul,doi: 10.1590/S0100-204X2012000300001
MXLFARNO,mxlfarno,<p10>,Real,14,4,14.99,SC0008,CT0001,CTC4,SCCAN047.cul,doi: 10.1590/S0100-204X2012000300001
PI1,pi1,<p11>,Real,14,4,89.3,SC0008,CT0001,CTC4,SCCAN047.cul,doi: 10.1590/S0100-204X2012000300001
PI2,pi2,<p12>,Real,14,4,120.1,SC0008,CT0001,CTC4,SCCAN047.cul,doi: 10.1590/S0100-204X2012000300001
PSWITCH,pswitch,<p13>,Real,14,4,15.9,SC0008,CT0001,CTC4,SCCAN047.cul,doi: 10.1590/S0100-204X2012000300001
TTPLNTEM,ttplntem,<p14>,Real,14,4,500.6,SC0008,CT0001,CTC4,SCCAN047.cul,doi: 10.1590/S0100-204X2012000300001
TTRATNEM,ttratem,<p15>,Real,14,4,200.5,SC0008,CT0001,CTC4,SCCAN047.cul,doi: 10.1590/S0100-204X2012000300001
CHUPIBASE,chupibase,<p16>,Real,14,4,850.2,SC0008,CT0001,CTC4,SCCAN047.cul,doi: 10.1590/S0100-204X2012000300001
TT_POPGROWTH,tt_popgrowth,<p17>,Real,14,4,559.8,SC0008,CT0001,CTC4,SCCAN047.cul,doi: 10.1590/S0100-204X2012000300001
MAX_POP,max_pop,<p18>,Real,14,4,18.57,SC0008,CT0001,CTC4,SCCAN047.cul,doi: 10.1590/S0100-204X2012000300001
POPTT16,poptt16,<p19>,Real,14,4,9.446,SC0008,CT0001,CTC4,SCCAN047.cul,doi: 10.1590/S0100-204X2012000300001
LG_AMBASE,lg_ambase,<p20>,Real,14,4,220,SC0008,CT0001,CTC4,SCCAN047.cul,doi: 10.1590/S0100-204X2012000300001
MaxPARCE,maxparce,<p1>,Real,14,4,11.78,SC0008,CT0002,CTC7,SCCAN047.cul,doi: 10.1590/S0100-204X2012000300001
APFMX,apfmx,<p2>,Real,14,4,0.883,SC0008,CT0002,CTC7,SCCAN047.cul,doi: 10.1590/S0100-204X2012000300001
STKPFMAX,stkpfmax,<p3>,Real,14,4,0.699,SC0008,CT0002,CTC7,SCCAN047.cul,doi: 10.1590/S0100-204X2012000300001
SUCA,suca,<p4>,Real,14,4,0.69,SC0008,CT0002,CTC7,SCCAN047.cul,doi: 10.1590/S0100-204X2012000300001
TBFT,tbft,<p5>,Real,14,4,26,SC0008,CT0002,CTC7,SCCAN047.cul,doi: 10.1590/S0100-204X2012000300001
Tthalfo,tthalfo,<p6>,Real,14,4,229.6,SC0008,CT0002,CTC7,SCCAN047.cul,doi: 10.1590/S0100-204X2012000300001
TBase,tbase,<p7>,Real,14,4,15,SC0008,CT0002,CTC7,SCCAN047.cul,doi: 10.1590/S0100-204X2012000300001
LFMAX,lfmax,<p8>,Real,14,4,9.969,SC0008,CT0002,CTC7,SCCAN047.cul,doi: 10.1590/S0100-204X2012000300001
MXLFAREA,mxlfarea,<p9>,Real,14,4,515.6,SC0008,CT0002,CTC7,SCCAN047.cul,doi: 10.1590/S0100-204X2012000300001
MXLFARNO,mxlfarno,<p10>,Real,14,4,14.8,SC0008,CT0002,CTC7,SCCAN047.cul,doi: 10.1590/S0100-204X2012000300001
PI1,pi1,<p11>,Real,14,4,91.2,SC0008,CT0002,CTC7,SCCAN047.cul,doi: 10.1590/S0100-204X2012000300001
PI2,pi2,<p12>,Real,14,4,125.5,SC0008,CT0002,CTC7,SCCAN047.cul,doi: 10.1590/S0100-204X2012000300001
PSWITCH,pswitch,<p13>,Real,14,4,15.02,SC0008,CT0002,CTC7,SCCAN047.cul,doi: 10.1590/S0100-204X2012000300001
TTPLNTEM,ttplntem,<p14>,Real,14,4,200.9,SC0008,CT0002,CTC7,SCCAN047.cul,doi: 10.1590/S0100-204X2012000300001
TTRATNEM,ttratem,<p15>,Real,14,4,205.9,SC0008,CT0002,CTC7,SCCAN047.cul,doi: 10.1590/S0100-204X2012000300001
CHUPIBASE,chupibase,<p16>,Real,14,4,890.6,SC0008,CT0002,CTC7,SCCAN047.cul,doi: 10.1590/S0100-204X2012000300001
TT_POPGROWTH,tt_popgrowth,<p17>,Real,14,4,620.7,SC0008,CT0002,CTC7,SCCAN047.cul,doi: 10.1590/S0100-204X2012000300001
MAX_POP,max_pop,<p18>,Real,14,4,16.75,SC0008,CT0002,CTC7,SCCAN047.cul,doi: 10.1590/S0100-204X2012000300001
POPTT16,poptt16,<p19>,Real,14,4,8.995,SC0008,CT0002,CTC7,SCCAN047.cul,doi: 10.1590/S0100-204X2012000300001
LG_AMBASE,lg_ambase,<p20>,Real,14,4,220,SC0008,CT0002,CTC7,SCCAN047.cul,doi: 10.1590/S0100-204X2012000300001
MaxPARCE,maxparce,<p1>,Real,14,4,12.5,SC0008,CT0003,CTC20,SCCAN047.cul,doi: 10.1590/S0100-204X2012000300001
APFMX,apfmx,<p2>,Real,14,4,0.889,SC0008,CT0003,CTC20,SCCAN047.cul,doi: 10.1590/S0100-204X2012000300001
STKPFMAX,stkpfmax,<p3>,Real,14,4,0.7,SC0008,CT0003,CTC20,SCCAN047.cul,doi: 10.1590/S0100-204X2012000300001
SUCA,suca,<p4>,Real,14,4,0.695,SC0008,CT0003,CTC20,SCCAN047.cul,doi: 10.1590/S0100-204X2012000300001
TBFT,tbft,<p5>,Real,14,4,26,SC0008,CT0003,CTC20,SCCAN047.cul,doi: 10.1590/S0100-204X2012000300001
Tthalfo,tthalfo,<p6>,Real,14,4,225.6,SC0008,CT0003,CTC20,SCCAN047.cul,doi: 10.1590/S0100-204X2012000300001
TBase,tbase,<p7>,Real,14,4,15.62,SC0008,CT0003,CTC20,SCCAN047.cul,doi: 10.1590/S0100-204X2012000300001
LFMAX,lfmax,<p8>,Real,14,4,10.88,SC0008,CT0003,CTC20,SCCAN047.cul,doi: 10.1590/S0100-204X2012000300001
MXLFAREA,mxlfarea,<p9>,Real,14,4,520.9,SC0008,CT0003,CTC20,SCCAN047.cul,doi: 10.1590/S0100-204X2012000300001
MXLFARNO,mxlfarno,<p10>,Real,14,4,15,SC0008,CT0003,CTC20,SCCAN047.cul,doi: 10.1590/S0100-204X2012000300001
PI1,pi1,<p11>,Real,14,4,90.9,SC0008,CT0003,CTC20,SCCAN047.cul,doi: 10.1590/S0100-204X2012000300001
PI2,pi2,<p12>,Real,14,4,120.9,SC0008,CT0003,CTC20,SCCAN047.cul,doi: 10.1590/S0100-204X2012000300001
PSWITCH,pswitch,<p13>,Real,14,4,15.02,SC0008,CT0003,CTC20,SCCAN047.cul,doi: 10.1590/S0100-204X2012000300001
TTPLNTEM,ttplntem,<p14>,Real,14,4,200.9,SC0008,CT0003,CTC20,SCCAN047.cul,doi: 10.1590/S0100-204X2012000300001
TTRATNEM,ttratem,<p15>,Real,14,4,265.3,SC0008,CT0003,CTC20,SCCAN047.cul,doi: 10.1590/S0100-204X2012000300001
CHUPIBASE,chupibase,<p16>,Real,14,4,850.2,SC0008,CT0003,CTC20,SCCAN047.cul,doi: 10.1590/S0100-204X2012000300001
TT_POPGROWTH,tt_popgrowth,<p17>,Real,14,4,610.1,SC0008,CT0003,CTC20,SCCAN047.cul,doi: 10.1590/S0100-204X2012000300001
MAX_POP,max_pop,<p18>,Real,14,4,19.5,SC0008,CT0003,CTC20,SCCAN047.cul,doi: 10.1590/S0100-204X2012000300001
POPTT16,poptt16,<p19>,Real,14,4,9.952,SC0008,CT0003,CTC20,SCCAN047.cul,doi: 10.1590/S0100-204X2012000300001
LG_AMBASE,lg_ambase,<p20>,Real,14,4,220,SC0008,CT0003,CTC20,SCCAN047.cul,doi: 10.1590/S0100-204X2012000300001
MaxPARCE,maxparce,<p1>,Real,14,4,13.52,SC0007,RB0004,RB835486,SCCAN047.cul,doi: 10.1590/S0100-204X2012000300001
APFMX,apfmx,<p2>,Real,14,4,0.865,SC0007,RB0004,RB835486,SCCAN047.cul,doi: 10.1590/S0100-204X2012000300001
STKPFMAX,stkpfmax,<p3>,Real,14,4,0.76,SC0007,RB0004,RB835486,SCCAN047.cul,doi: 10.1590/S0100-204X2012000300001
SUCA,suca,<p4>,Real,14,4,0.695,SC0007,RB0004,RB835486,SCCAN047.cul,doi: 10.1590/S0100-204X2012000300001
TBFT,tbft,<p5>,Real,14,4,26,SC0007,RB0004,RB835486,SCCAN047.cul,doi: 10.1590/S0100-204X2012000300001
Tthalfo,tthalfo,<p6>,Real,14,4,275.8,SC0007,RB0004,RB835486,SCCAN047.cul,doi: 10.1590/S0100-204X2012000300001
TBase,tbase,<p7>,Real,14,4,15.62,SC0007,RB0004,RB835486,SCCAN047.cul,doi: 10.1590/S0100-204X2012000300001
LFMAX,lfmax,<p8>,Real,14,4,9.518,SC0007,RB0004,RB835486,SCCAN047.cul,doi: 10.1590/S0100-204X2012000300001
MXLFAREA,mxlfarea,<p9>,Real,14,4,500.9,SC0007,RB0004,RB835486,SCCAN047.cul,doi: 10.1590/S0100-204X2012000300001
MXLFARNO,mxlfarno,<p10>,Real,14,4,15.35,SC0007,RB0004,RB835486,SCCAN047.cul,doi: 10.1590/S0100-204X2012000300001
PI1,pi1,<p11>,Real,14,4,90.1,SC0007,RB0004,RB835486,SCCAN047.cul,doi: 10.1590/S0100-204X2012000300001
PI2,pi2,<p12>,Real,14,4,149.4,SC0007,RB0004,RB835486,SCCAN047.cul,doi: 10.1590/S0100-204X2012000300001
PSWITCH,pswitch,<p13>,Real,14,4,16.33,SC0007,RB0004,RB835486,SCCAN047.cul,doi: 10.1590/S0100-204X2012000300001
TTPLNTEM,ttplntem,<p14>,Real,14,4,509.4,SC0007,RB0004,RB835486,SCCAN047.cul,doi: 10.1590/S0100-204X2012000300001
TTRATNEM,ttratem,<p15>,Real,14,4,211.4,SC0007,RB0004,RB835486,SCCAN047.cul,doi: 10.1590/S0100-204X2012000300001
CHUPIBASE,chupibase,<p16>,Real,14,4,547.6,SC0007,RB0004,RB835486,SCCAN047.cul,doi: 10.1590/S0100-204X2012000300001
TT_POPGROWTH,tt_popgrowth,<p17>,Real,14,4,530.2,SC0007,RB0004,RB835486,SCCAN047.cul,doi: 10.1590/S0100-204X2012000300001
MAX_POP,max_pop,<p18>,Real,14,4,19.62,SC0007,RB0004,RB835486,SCCAN047.cul,doi: 10.1590/S0100-204X2012000300001
POPTT16,poptt16,<p19>,Real,14,4,9.556,SC0007,RB0004,RB835486,SCCAN047.cul,doi: 10.1590/S0100-204X2012000300001
LG_AMBASE,lg_ambase,<p20>,Real,14,4,220,SC0007,RB0004,RB835486,SCCAN047.cul,doi: 10.1590/S0100-204X2012000300001
MaxPARCE,maxparce,<p1>,Real,14,4,14.86,SC0007,RB0005,RB72454,SCCAN047.cul,doi: 10.2134/agronj2010.0302
APFMX,apfmx,<p2>,Real,14,4,0.904,SC0007,RB0005,RB72454,SCCAN047.cul,doi: 10.2134/agronj2010.0302
STKPFMAX,stkpfmax,<p3>,Real,14,4,0.642,SC0007,RB0005,RB72454,SCCAN047.cul,doi: 10.2134/agronj2010.0302
SUCA,suca,<p4>,Real,14,4,0.565,SC0007,RB0005,RB72454,SCCAN047.cul,doi: 10.2134/agronj2010.0302
TBFT,tbft,<p5>,Real,14,4,25,SC0007,RB0005,RB72454,SCCAN047.cul,doi: 10.2134/agronj2010.0302
Tthalfo,tthalfo,<p6>,Real,14,4,285.9,SC0007,RB0005,RB72454,SCCAN047.cul,doi: 10.2134/agronj2010.0302
TBase,tbase,<p7>,Real,14,4,14.4,SC0007,RB0005,RB72454,SCCAN047.cul,doi: 10.2134/agronj2010.0302
LFMAX,lfmax,<p8>,Real,14,4,9.96,SC0007,RB0005,RB72454,SCCAN047.cul,Corrected for phyological sense (same as RB867515)
MXLFAREA,mxlfarea,<p9>,Real,14,4,796,SC0007,RB0005,RB72454,SCCAN047.cul,doi: 10.2134/agronj2010.0302
MXLFARNO,mxlfarno,<p10>,Real,14,4,23,SC0007,RB0005,RB72454,SCCAN047.cul,doi: 10.2134/agronj2010.0302
PI1,pi1,<p11>,Real,14,4,112.8,SC0007,RB0005,RB72454,SCCAN047.cul,doi: 10.2134/agronj2010.0302
PI2,pi2,<p12>,Real,14,4,116.6,SC0007,RB0005,RB72454,SCCAN047.cul,doi: 10.2134/agronj2010.0302
PSWITCH,pswitch,<p13>,Real,14,4,18,SC0007,RB0005,RB72454,SCCAN047.cul,doi: 10.2134/agronj2010.0302
TTPLNTEM,ttplntem,<p14>,Real,14,4,292.1,SC0007,RB0005,RB72454,SCCAN047.cul,doi: 10.2134/agronj2010.0302
TTRATNEM,ttratem,<p15>,Real,14,4,448,SC0007,RB0005,RB72454,SCCAN047.cul,doi: 10.2134/agronj2010.0302
CHUPIBASE,chupibase,<p16>,Real,14,4,628.3,SC0007,RB0005,RB72454,SCCAN047.cul,doi: 10.2134/agronj2010.0302
TT_POPGROWTH,tt_popgrowth,<p17>,Real,14,4,650.4,SC0007,RB0005,RB72454,SCCAN047.cul,Corrected for phyological sense (same as RB867515)
MAX_POP,max_pop,<p18>,Real,14,4,8.4,SC0007,RB0005,RB72454,SCCAN047.cul,doi: 10.2134/agronj2010.0302
POPTT16,poptt16,<p19>,Real,14,4,18.4,SC0007,RB0005,RB72454,SCCAN047.cul,doi: 10.2134/agronj2010.0302
LG_AMBASE,lg_ambase,<p20>,Real,14,4,220,SC0007,RB0005,RB72454,SCCAN047.cul,doi: 10.2134/agronj2010.0302
MaxPARCE,maxparce,<p1>,Real,14,4,14.86,SC0009,IA0001,SP832847,SCCAN047.cul,doi: 10.2134/agronj2010.0302
APFMX,apfmx,<p2>,Real,14,4,0.904,SC0009,IA0001,SP832847,SCCAN047.cul,doi: 10.2134/agronj2010.0302
STKPFMAX,stkpfmax,<p3>,Real,14,4,0.655,SC0009,IA0001,SP832847,SCCAN047.cul,doi: 10.2134/agronj2010.0302
SUCA,suca,<p4>,Real,14,4,0.65,SC0009,IA0001,SP832847,SCCAN047.cul,doi: 10.2134/agronj2010.0302
TBFT,tbft,<p5>,Real,14,4,25,SC0009,IA0001,SP832847,SCCAN047.cul,doi: 10.2134/agronj2010.0302
Tthalfo,tthalfo,<p6>,Real,14,4,193.7,SC0009,IA0001,SP832847,SCCAN047.cul,doi: 10.2134/agronj2010.0302
TBase,tbase,<p7>,Real,14,4,14.6,SC0009,IA0001,SP832847,SCCAN047.cul,doi: 10.2134/agronj2010.0302
LFMAX,lfmax,<p8>,Real,14,4,12,SC0009,IA0001,SP832847,SCCAN047.cul,Corrected for phyological sense (same as SP791011)
MXLFAREA,mxlfarea,<p9>,Real,14,4,734,SC0009,IA0001,SP832847,SCCAN047.cul,doi: 10.2134/agronj2010.0302
MXLFARNO,mxlfarno,<p10>,Real,14,4,23,SC0009,IA0001,SP832847,SCCAN047.cul,doi: 10.2134/agronj2010.0302
PI1,pi1,<p11>,Real,14,4,113,SC0009,IA0001,SP832847,SCCAN047.cul,doi: 10.2134/agronj2010.0302
PI2,pi2,<p12>,Real,14,4,122.2,SC0009,IA0001,SP832847,SCCAN047.cul,doi: 10.2134/agronj2010.0302
PSWITCH,pswitch,<p13>,Real,14,4,18,SC0009,IA0001,SP832847,SCCAN047.cul,doi: 10.2134/agronj2010.0302
TTPLNTEM,ttplntem,<p14>,Real,14,4,297.4,SC0009,IA0001,SP832847,SCCAN047.cul,doi: 10.2134/agronj2010.0302
TTRATNEM,ttratem,<p15>,Real,14,4,486.69,SC0009,IA0001,SP832847,SCCAN047.cul,doi: 10.2134/agronj2010.0302
CHUPIBASE,chupibase,<p16>,Real,14,4,628.1,SC0009,IA0001,SP832847,SCCAN047.cul,doi: 10.2134/agronj2010.0302
TT_POPGROWTH,tt_popgrowth,<p17>,Real,14,4,700,SC0009,IA0001,SP832847,SCCAN047.cul,Corrected for phyological sense (same as SP791011)
MAX_POP,max_pop,<p18>,Real,14,4,8,SC0009,IA0001,SP832847,SCCAN047.cul,doi: 10.2134/agronj2010.0302
POPTT16,poptt16,<p19>,Real,14,4,18.9,SC0009,IA0001,SP832847,SCCAN047.cul,doi: 10.2134/agronj2010.0302
LG_AMBASE,lg_ambase,<p20>,Real,14,4,220,SC0009,IA0001,SP832847,SCCAN047.cul,doi: 10.2134/agronj2010.0302
MaxPARCE,maxparce,<p1>,Real,14,4,7.7,SC0009,IA0002,SP791011,SCCAN047.cul,doi: 10.7127/RBAI.V10N300385
APFMX,apfmx,<p2>,Real,14,4,0.88,SC0009,IA0002,SP791011,SCCAN047.cul,doi: 10.7127/RBAI.V10N300385
STKPFMAX,stkpfmax,<p3>,Real,14,4,0.55,SC0009,IA0002,SP791011,SCCAN047.cul,doi: 10.7127/RBAI.V10N300385
SUCA,suca,<p4>,Real,14,4,0.58,SC0009,IA0002,SP791011,SCCAN047.cul,doi: 10.7127/RBAI.V10N300385
TBFT,tbft,<p5>,Real,14,4,25,SC0009,IA0002,SP791011,SCCAN047.cul,doi: 10.7127/RBAI.V10N300385
Tthalfo,tthalfo,<p6>,Real,14,4,250,SC0009,IA0002,SP791011,SCCAN047.cul,doi: 10.7127/RBAI.V10N300385
TBase,tbase,<p7>,Real,14,4,15,SC0009,IA0002,SP791011,SCCAN047.cul,doi: 10.7127/RBAI.V10N300385
LFMAX,lfmax,<p8>,Real,14,4,12,SC0009,IA0002,SP791011,SCCAN047.cul,doi: 10.7127/RBAI.V10N300385
MXLFAREA,mxlfarea,<p9>,Real,14,4,380,SC0009,IA0002,SP791011,SCCAN047.cul,doi: 10.7127/RBAI.V10N300385
MXLFARNO,mxlfarno,<p10>,Real,14,4,14,SC0009,IA0002,SP791011,SCCAN047.cul,doi: 10.7127/RBAI.V10N300385
PI1,pi1,<p11>,Real,14,4,90,SC0009,IA0002,SP791011,SCCAN047.cul,doi: 10.7127/RBAI.V10N300385
PI2,pi2,<p12>,Real,14,4,179,SC0009,IA0002,SP791011,SCCAN047.cul,doi: 10.7127/RBAI.V10N300385
PSWITCH,pswitch,<p13>,Real,14,4,18,SC0009,IA0002,SP791011,SCCAN047.cul,doi: 10.7127/RBAI.V10N300385
TTPLNTEM,ttplntem,<p14>,Real,14,4,628,SC0009,IA0002,SP791011,SCCAN047.cul,doi: 10.7127/RBAI.V10N300385
TTRATNEM,ttratem,<p15>,Real,14,4,203,SC0009,IA0002,SP791011,SCCAN047.cul,doi: 10.7127/RBAI.V10N300385
CHUPIBASE,chupibase,<p16>,Real,14,4,1050,SC0009,IA0002,SP791011,SCCAN047.cul,doi: 10.7127/RBAI.V10N300385
TT_POPGROWTH,tt_popgrowth,<p17>,Real,14,4,700,SC0009,IA0002,SP791011,SCCAN047.cul,doi: 10.7127/RBAI.V10N300385
MAX_POP,max_pop,<p18>,Real,14,4,15,SC0009,IA0002,SP791011,SCCAN047.cul,doi: 10.7127/RBAI.V10N300385
POPTT16,poptt16,<p19>,Real,14,4,9.2,SC0009,IA0002,SP791011,SCCAN047.cul,doi: 10.7127/RBAI.V10N300385
LG_AMBASE,lg_ambase,<p20>,Real,14,4,200,SC0009,IA0002,SP791011,SCCAN047.cul,doi: 10.7127/RBAI.V10N300385
MaxPARCE,maxparce,<p1>,Real,14,4,6.5,SC0007,RB0006,RB1530,SCCAN047.cul,doi: 10.7127/RBAI.V10N300385
APFMX,apfmx,<p2>,Real,14,4,0.9,SC0007,RB0006,RB1530,SCCAN047.cul,doi: 10.7127/RBAI.V10N300385
STKPFMAX,stkpfmax,<p3>,Real,14,4,0.55,SC0007,RB0006,RB1530,SCCAN047.cul,doi: 10.7127/RBAI.V10N300385
SUCA,suca,<p4>,Real,14,4,0.58,SC0007,RB0006,RB1530,SCCAN047.cul,doi: 10.7127/RBAI.V10N300385
TBFT,tbft,<p5>,Real,14,4,25,SC0007,RB0006,RB1530,SCCAN047.cul,doi: 10.7127/RBAI.V10N300385
Tthalfo,tthalfo,<p6>,Real,14,4,250,SC0007,RB0006,RB1530,SCCAN047.cul,doi: 10.7127/RBAI.V10N300385
TBase,tbase,<p7>,Real,14,4,14,SC0007,RB0006,RB1530,SCCAN047.cul,doi: 10.7127/RBAI.V10N300385
LFMAX,lfmax,<p8>,Real,14,4,12,SC0007,RB0006,RB1530,SCCAN047.cul,doi: 10.7127/RBAI.V10N300385
MXLFAREA,mxlfarea,<p9>,Real,14,4,680,SC0007,RB0006,RB1530,SCCAN047.cul,doi: 10.7127/RBAI.V10N300385
MXLFARNO,mxlfarno,<p10>,Real,14,4,14,SC0007,RB0006,RB1530,SCCAN047.cul,doi: 10.7127/RBAI.V10N300385
PI1,pi1,<p11>,Real,14,4,90,SC0007,RB0006,RB1530,SCCAN047.cul,doi: 10.7127/RBAI.V10N300385
PI2,pi2,<p12>,Real,14,4,179,SC0007,RB0006,RB1530,SCCAN047.cul,doi: 10.7127/RBAI.V10N300385
PSWITCH,pswitch,<p13>,Real,14,4,18,SC0007,RB0006,RB1530,SCCAN047.cul,doi: 10.7127/RBAI.V10N300385
TTPLNTEM,ttplntem,<p14>,Real,14,4,628,SC0007,RB0006,RB1530,SCCAN047.cul,doi: 10.7127/RBAI.V10N300385
TTRATNEM,ttratem,<p15>,Real,14,4,203,SC0007,RB0006,RB1530,SCCAN047.cul,doi: 10.7127/RBAI.V10N300385
CHUPIBASE,chupibase,<p16>,Real,14,4,1050,SC0007,RB0006,RB1530,SCCAN047.cul,doi: 10.7127/RBAI.V10N300385
TT_POPGROWTH,tt_popgrowth,<p17>,Real,14,4,700,SC0007,RB0006,RB1530,SCCAN047.cul,doi: 10.7127/RBAI.V10N300385
MAX_POP,max_pop,<p18>,Real,14,4,16,SC0007,RB0006,RB1530,SCCAN047.cul,doi: 10.7127/RBAI.V10N300385
POPTT16,poptt16,<p19>,Real,14,4,7.8,SC0007,RB0006,RB1530,SCCAN047.cul,doi: 10.7127/RBAI.V10N300385
LG_AMBASE,lg_ambase,<p20>,Real,14,4,200,SC0007,RB0006,RB1530,SCCAN047.cul,doi: 10.7127/RBAI.V10N300385
MaxPARCE,maxparce,<p1>,Real,14,4,11.4,SC0010,CT0004,CTC15,SCCAN047.cul,teses.usp.br/teses/disponiveis/11/11152/tde-26092016-145237/en.php
APFMX,apfmx,<p2>,Real,14,4,0.92,SC0010,CT0004,CTC15,SCCAN047.cul,teses.usp.br/teses/disponiveis/11/11152/tde-26092016-145237/en.php
STKPFMAX,stkpfmax,<p3>,Real,14,4,0.7,SC0010,CT0004,CTC15,SCCAN047.cul,teses.usp.br/teses/disponiveis/11/11152/tde-26092016-145237/en.php
SUCA,suca,<p4>,Real,14,4,0.62,SC0010,CT0004,CTC15,SCCAN047.cul,teses.usp.br/teses/disponiveis/11/11152/tde-26092016-145237/en.php
TBFT,tbft,<p5>,Real,14,4,25,SC0010,CT0004,CTC15,SCCAN047.cul,teses.usp.br/teses/disponiveis/11/11152/tde-26092016-145237/en.php
Tthalfo,tthalfo,<p6>,Real,14,4,250,SC0010,CT0004,CTC15,SCCAN047.cul,teses.usp.br/teses/disponiveis/11/11152/tde-26092016-145237/en.php
TBase,tbase,<p7>,Real,14,4,16,SC0010,CT0004,CTC15,SCCAN047.cul,teses.usp.br/teses/disponiveis/11/11152/tde-26092016-145237/en.php
LFMAX,lfmax,<p8>,Real,14,4,7,SC0010,CT0004,CTC15,SCCAN047.cul,teses.usp.br/teses/disponiveis/11/11152/tde-26092016-145237/en.php
MXLFAREA,mxlfarea,<p9>,Real,14,4,512,SC0010,CT0004,CTC15,SCCAN047.cul,teses.usp.br/teses/disponiveis/11/11152/tde-26092016-145237/en.php
MXLFARNO,mxlfarno,<p10>,Real,14,4,18,SC0010,CT0004,CTC15,SCCAN047.cul,teses.usp.br/teses/disponiveis/11/11152/tde-26092016-145237/en.php
PI1,pi1,<p11>,Real,14,4,141,SC0010,CT0004,CTC15,SCCAN047.cul,teses.usp.br/teses/disponiveis/11/11152/tde-26092016-145237/en.php
PI2,pi2,<p12>,Real,14,4,250,SC0010,CT0004,CTC15,SCCAN047.cul,teses.usp.br/teses/disponiveis/11/11152/tde-26092016-145237/en.php
PSWITCH,pswitch,<p13>,Real,14,4,13,SC0010,CT0004,CTC15,SCCAN047.cul,teses.usp.br/teses/disponiveis/11/11152/tde-26092016-145237/en.php
TTPLNTEM,ttplntem,<p14>,Real,14,4,428,SC0010,CT0004,CTC15,SCCAN047.cul,teses.usp.br/teses/disponiveis/11/11152/tde-26092016-145237/en.php
TTRATNEM,ttratem,<p15>,Real,14,4,112,SC0010,CT0004,CTC15,SCCAN047.cul,teses.usp.br/teses/disponiveis/11/11152/tde-26092016-145237/en.php
CHUPIBASE,chupibase,<p16>,Real,14,4,515,SC0010,CT0004,CTC15,SCCAN047.cul,teses.usp.br/teses/disponiveis/11/11152/tde-26092016-145237/en.php
TT_POPGROWTH,tt_popgrowth,<p17>,Real,14,4,730,SC0010,CT0004,CTC15,SCCAN047.cul,teses.usp.br/teses/disponiveis/11/11152/tde-26092016-145237/en.php
MAX_POP,max_pop,<p18>,Real,14,4,56,SC0010,CT0004,CTC15,SCCAN047.cul,teses.usp.br/teses/disponiveis/11/11152/tde-26092016-145237/en.php
POPTT16,poptt16,<p19>,Real,14,4,11.6,SC0010,CT0004,CTC15,SCCAN047.cul,teses.usp.br/teses/disponiveis/11/11152/tde-26092016-145237/en.php
LG_AMBASE,lg_ambase,<p20>,Real,14,4,220,SC0010,CT0004,CTC15,SCCAN047.cul,teses.usp.br/teses/disponiveis/11/11152/tde-26092016-145237/en.php
MaxPARCE,maxparce,<p1>,Real,14,4,11.4,SC0011,CT0005,CTC17,SCCAN047.cul,teses.usp.br/teses/disponiveis/11/11152/tde-26092016-145237/en.php
APFMX,apfmx,<p2>,Real,14,4,0.92,SC0011,CT0005,CTC17,SCCAN047.cul,teses.usp.br/teses/disponiveis/11/11152/tde-26092016-145237/en.php
STKPFMAX,stkpfmax,<p3>,Real,14,4,0.7,SC0011,CT0005,CTC17,SCCAN047.cul,teses.usp.br/teses/disponiveis/11/11152/tde-26092016-145237/en.php
SUCA,suca,<p4>,Real,14,4,0.62,SC0011,CT0005,CTC17,SCCAN047.cul,teses.usp.br/teses/disponiveis/11/11152/tde-26092016-145237/en.php
TBFT,tbft,<p5>,Real,14,4,25,SC0011,CT0005,CTC17,SCCAN047.cul,teses.usp.br/teses/disponiveis/11/11152/tde-26092016-145237/en.php
Tthalfo,tthalfo,<p6>,Real,14,4,250,SC0011,CT0005,CTC17,SCCAN047.cul,teses.usp.br/teses/disponiveis/11/11152/tde-26092016-145237/en.php
TBase,tbase,<p7>,Real,14,4,16,SC0011,CT0005,CTC17,SCCAN047.cul,teses.usp.br/teses/disponiveis/11/11152/tde-26092016-145237/en.php
LFMAX,lfmax,<p8>,Real,14,4,8,SC0011,CT0005,CTC17,SCCAN047.cul,teses.usp.br/teses/disponiveis/11/11152/tde-26092016-145237/en.php
MXLFAREA,mxlfarea,<p9>,Real,14,4,590,SC0011,CT0005,CTC17,SCCAN047.cul,teses.usp.br/teses/disponiveis/11/11152/tde-26092016-145237/en.php
MXLFARNO,mxlfarno,<p10>,Real,14,4,16,SC0011,CT0005,CTC17,SCCAN047.cul,teses.usp.br/teses/disponiveis/11/11152/tde-26092016-145237/en.php
PI1,pi1,<p11>,Real,14,4,130,SC0011,CT0005,CTC17,SCCAN047.cul,teses.usp.br/teses/disponiveis/11/11152/tde-26092016-145237/en.php
PI2,pi2,<p12>,Real,14,4,195,SC0011,CT0005,CTC17,SCCAN047.cul,teses.usp.br/teses/disponiveis/11/11152/tde-26092016-145237/en.php
PSWITCH,pswitch,<p13>,Real,14,4,14,SC0011,CT0005,CTC17,SCCAN047.cul,teses.usp.br/teses/disponiveis/11/11152/tde-26092016-145237/en.php
TTPLNTEM,ttplntem,<p14>,Real,14,4,428,SC0011,CT0005,CTC17,SCCAN047.cul,teses.usp.br/teses/disponiveis/11/11152/tde-26092016-145237/en.php
TTRATNEM,ttratem,<p15>,Real,14,4,131,SC0011,CT0005,CTC17,SCCAN047.cul,teses.usp.br/teses/disponiveis/11/11152/tde-26092016-145237/en.php
CHUPIBASE,chupibase,<p16>,Real,14,4,625,SC0011,CT0005,CTC17,SCCAN047.cul,teses.usp.br/teses/disponiveis/11/11152/tde-26092016-145237/en.php
TT_POPGROWTH,tt_popgrowth,<p17>,Real,14,4,735,SC0011,CT0005,CTC17,SCCAN047.cul,teses.usp.br/teses/disponiveis/11/11152/tde-26092016-145237/en.php
MAX_POP,max_pop,<p18>,Real,14,4,66,SC0011,CT0005,CTC17,SCCAN047.cul,teses.usp.br/teses/disponiveis/11/11152/tde-26092016-145237/en.php
POPTT16,poptt16,<p19>,Real,14,4,19,SC0011,CT0005,CTC17,SCCAN047.cul,teses.usp.br/teses/disponiveis/11/11152/tde-26092016-145237/en.php
LG_AMBASE,lg_ambase,<p20>,Real,14,4,220,SC0011,CT0005,CTC17,SCCAN047.cul,teses.usp.br/teses/disponiveis/11/11152/tde-26092016-145237/en.php
MaxPARCE,maxparce,<p1>,Real,14,4,11.4,SC0012,RB0007,RB931011,SCCAN047.cul,teses.usp.br/teses/disponiveis/11/11152/tde-26092016-145237/en.php
APFMX,apfmx,<p2>,Real,14,4,0.92,SC0012,RB0007,RB931011,SCCAN047.cul,teses.usp.br/teses/disponiveis/11/11152/tde-26092016-145237/en.php
STKPFMAX,stkpfmax,<p3>,Real,14,4,0.7,SC0012,RB0007,RB931011,SCCAN047.cul,teses.usp.br/teses/disponiveis/11/11152/tde-26092016-145237/en.php
SUCA,suca,<p4>,Real,14,4,0.62,SC0012,RB0007,RB931011,SCCAN047.cul,teses.usp.br/teses/disponiveis/11/11152/tde-26092016-145237/en.php
TBFT,tbft,<p5>,Real,14,4,25,SC0012,RB0007,RB931011,SCCAN047.cul,teses.usp.br/teses/disponiveis/11/11152/tde-26092016-145237/en.php
Tthalfo,tthalfo,<p6>,Real,14,4,250,SC0012,RB0007,RB931011,SCCAN047.cul,teses.usp.br/teses/disponiveis/11/11152/tde-26092016-145237/en.php
TBase,tbase,<p7>,Real,14,4,16,SC0012,RB0007,RB931011,SCCAN047.cul,teses.usp.br/teses/disponiveis/11/11152/tde-26092016-145237/en.php
LFMAX,lfmax,<p8>,Real,14,4,8,SC0012,RB0007,RB931011,SCCAN047.cul,teses.usp.br/teses/disponiveis/11/11152/tde-26092016-145237/en.php
MXLFAREA,mxlfarea,<p9>,Real,14,4,590,SC0012,RB0007,RB931011,SCCAN047.cul,teses.usp.br/teses/disponiveis/11/11152/tde-26092016-145237/en.php
MXLFARNO,mxlfarno,<p10>,Real,14,4,16,SC0012,RB0007,RB931011,SCCAN047.cul,teses.usp.br/teses/disponiveis/11/11152/tde-26092016-145237/en.php
PI1,pi1,<p11>,Real,14,4,130,SC0012,RB0007,RB931011,SCCAN047.cul,teses.usp.br/teses/disponiveis/11/11152/tde-26092016-145237/en.php
PI2,pi2,<p12>,Real,14,4,195,SC0012,RB0007,RB931011,SCCAN047.cul,teses.usp.br/teses/disponiveis/11/11152/tde-26092016-145237/en.php
PSWITCH,pswitch,<p13>,Real,14,4,14,SC0012,RB0007,RB931011,SCCAN047.cul,teses.usp.br/teses/disponiveis/11/11152/tde-26092016-145237/en.php
TTPLNTEM,ttplntem,<p14>,Real,14,4,428,SC0012,RB0007,RB931011,SCCAN047.cul,teses.usp.br/teses/disponiveis/11/11152/tde-26092016-145237/en.php
TTRATNEM,ttratem,<p15>,Real,14,4,131,SC0012,RB0007,RB931011,SCCAN047.cul,teses.usp.br/teses/disponiveis/11/11152/tde-26092016-145237/en.php
CHUPIBASE,chupibase,<p16>,Real,14,4,625,SC0012,RB0007,RB931011,SCCAN047.cul,teses.usp.br/teses/disponiveis/11/11152/tde-26092016-145237/en.php
TT_POPGROWTH,tt_popgrowth,<p17>,Real,14,4,735,SC0012,RB0007,RB931011,SCCAN047.cul,teses.usp.br/teses/disponiveis/11/11152/tde-26092016-145237/en.php
MAX_POP,max_pop,<p18>,Real,14,4,66,SC0012,RB0007,RB931011,SCCAN047.cul,teses.usp.br/teses/disponiveis/11/11152/tde-26092016-145237/en.php
POPTT16,poptt16,<p19>,Real,14,4,19,SC0012,RB0007,RB931011,SCCAN047.cul,teses.usp.br/teses/disponiveis/11/11152/tde-26092016-145237/en.php
LG_AMBASE,lg_ambase,<p20>,Real,14,4,220,SC0012,RB0007,RB931011,SCCAN047.cul,teses.usp.br/teses/disponiveis/11/11152/tde-26092016-145237/en.php
MaxPARCE,maxparce,<p1>,Real,14,4,9.9,SC0013,RB0008,RB966928,SCCAN047.cul,teses.usp.br/teses/disponiveis/11/11152/tde-26092016-145237/en.php
APFMX,apfmx,<p2>,Real,14,4,0.92,SC0013,RB0008,RB966928,SCCAN047.cul,teses.usp.br/teses/disponiveis/11/11152/tde-26092016-145237/en.php
STKPFMAX,stkpfmax,<p3>,Real,14,4,0.7,SC0013,RB0008,RB966928,SCCAN047.cul,teses.usp.br/teses/disponiveis/11/11152/tde-26092016-145237/en.php
SUCA,suca,<p4>,Real,14,4,0.62,SC0013,RB0008,RB966928,SCCAN047.cul,teses.usp.br/teses/disponiveis/11/11152/tde-26092016-145237/en.php
TBFT,tbft,<p5>,Real,14,4,25,SC0013,RB0008,RB966928,SCCAN047.cul,teses.usp.br/teses/disponiveis/11/11152/tde-26092016-145237/en.php
Tthalfo,tthalfo,<p6>,Real,14,4,250,SC0013,RB0008,RB966928,SCCAN047.cul,teses.usp.br/teses/disponiveis/11/11152/tde-26092016-145237/en.php
TBase,tbase,<p7>,Real,14,4,16,SC0013,RB0008,RB966928,SCCAN047.cul,teses.usp.br/teses/disponiveis/11/11152/tde-26092016-145237/en.php
LFMAX,lfmax,<p8>,Real,14,4,10,SC0013,RB0008,RB966928,SCCAN047.cul,teses.usp.br/teses/disponiveis/11/11152/tde-26092016-145237/en.php
MXLFAREA,mxlfarea,<p9>,Real,14,4,384,SC0013,RB0008,RB966928,SCCAN047.cul,teses.usp.br/teses/disponiveis/11/11152/tde-26092016-145237/en.php
MXLFARNO,mxlfarno,<p10>,Real,14,4,16,SC0013,RB0008,RB966928,SCCAN047.cul,teses.usp.br/teses/disponiveis/11/11152/tde-26092016-145237/en.php
PI1,pi1,<p11>,Real,14,4,122,SC0013,RB0008,RB966928,SCCAN047.cul,teses.usp.br/teses/disponiveis/11/11152/tde-26092016-145237/en.php
PI2,pi2,<p12>,Real,14,4,157,SC0013,RB0008,RB966928,SCCAN047.cul,teses.usp.br/teses/disponiveis/11/11152/tde-26092016-145237/en.php
PSWITCH,pswitch,<p13>,Real,14,4,12,SC0013,RB0008,RB966928,SCCAN047.cul,teses.usp.br/teses/disponiveis/11/11152/tde-26092016-145237/en.php
TTPLNTEM,ttplntem,<p14>,Real,14,4,428,SC0013,RB0008,RB966928,SCCAN047.cul,teses.usp.br/teses/disponiveis/11/11152/tde-26092016-145237/en.php
TTRATNEM,ttratem,<p15>,Real,14,4,108,SC0013,RB0008,RB966928,SCCAN047.cul,teses.usp.br/teses/disponiveis/11/11152/tde-26092016-145237/en.php
CHUPIBASE,chupibase,<p16>,Real,14,4,360,SC0013,RB0008,RB966928,SCCAN047.cul,teses.usp.br/teses/disponiveis/11/11152/tde-26092016-145237/en.php
TT_POPGROWTH,tt_popgrowth,<p17>,Real,14,4,720,SC0013,RB0008,RB966928,SCCAN047.cul,teses.usp.br/teses/disponiveis/11/11152/tde-26092016-145237/en.php
MAX_POP,max_pop,<p18>,Real,14,4,69,SC0013,RB0008,RB966928,SCCAN047.cul,teses.usp.br/teses/disponiveis/11/11152/tde-26092016-145237/en.php
POPTT16,poptt16,<p19>,Real,14,4,12.5,SC0013,RB0008,RB966928,SCCAN047.cul,teses.usp.br/teses/disponiveis/11/11152/tde-26092016-145237/en.php
LG_AMBASE,lg_ambase,<p20>,Real,14,4,220,SC0013,RB0008,RB966928,SCCAN047.cul,teses.usp.br/teses/disponiveis/11/11152/tde-26092016-145237/en.php
MaxPARCE,maxparce,<p1>,Real,14,4,9.9,SC0014,IA0003,SP5000,SCCAN047.cul,teses.usp.br/teses/disponiveis/11/11152/tde-26092016-145237/en.php
APFMX,apfmx,<p2>,Real,14,4,0.88,SC0014,IA0003,SP5000,SCCAN047.cul,teses.usp.br/teses/disponiveis/11/11152/tde-26092016-145237/en.php
STKPFMAX,stkpfmax,<p3>,Real,14,4,0.7,SC0014,IA0003,SP5000,SCCAN047.cul,teses.usp.br/teses/disponiveis/11/11152/tde-26092016-145237/en.php
SUCA,suca,<p4>,Real,14,4,0.62,SC0014,IA0003,SP5000,SCCAN047.cul,teses.usp.br/teses/disponiveis/11/11152/tde-26092016-145237/en.php
TBFT,tbft,<p5>,Real,14,4,25,SC0014,IA0003,SP5000,SCCAN047.cul,teses.usp.br/teses/disponiveis/11/11152/tde-26092016-145237/en.php
Tthalfo,tthalfo,<p6>,Real,14,4,250,SC0014,IA0003,SP5000,SCCAN047.cul,teses.usp.br/teses/disponiveis/11/11152/tde-26092016-145237/en.php
TBase,tbase,<p7>,Real,14,4,16,SC0014,IA0003,SP5000,SCCAN047.cul,teses.usp.br/teses/disponiveis/11/11152/tde-26092016-145237/en.php
LFMAX,lfmax,<p8>,Real,14,4,8,SC0014,IA0003,SP5000,SCCAN047.cul,teses.usp.br/teses/disponiveis/11/11152/tde-26092016-145237/en.php
MXLFAREA,mxlfarea,<p9>,Real,14,4,738,SC0014,IA0003,SP5000,SCCAN047.cul,teses.usp.br/teses/disponiveis/11/11152/tde-26092016-145237/en.php
MXLFARNO,mxlfarno,<p10>,Real,14,4,13,SC0014,IA0003,SP5000,SCCAN047.cul,teses.usp.br/teses/disponiveis/11/11152/tde-26092016-145237/en.php
PI1,pi1,<p11>,Real,14,4,130,SC0014,IA0003,SP5000,SCCAN047.cul,teses.usp.br/teses/disponiveis/11/11152/tde-26092016-145237/en.php
PI2,pi2,<p12>,Real,14,4,185,SC0014,IA0003,SP5000,SCCAN047.cul,teses.usp.br/teses/disponiveis/11/11152/tde-26092016-145237/en.php
PSWITCH,pswitch,<p13>,Real,14,4,12,SC0014,IA0003,SP5000,SCCAN047.cul,teses.usp.br/teses/disponiveis/11/11152/tde-26092016-145237/en.php
TTPLNTEM,ttplntem,<p14>,Real,14,4,428,SC0014,IA0003,SP5000,SCCAN047.cul,teses.usp.br/teses/disponiveis/11/11152/tde-26092016-145237/en.php
TTRATNEM,ttratem,<p15>,Real,14,4,138,SC0014,IA0003,SP5000,SCCAN047.cul,teses.usp.br/teses/disponiveis/11/11152/tde-26092016-145237/en.php
CHUPIBASE,chupibase,<p16>,Real,14,4,610,SC0014,IA0003,SP5000,SCCAN047.cul,teses.usp.br/teses/disponiveis/11/11152/tde-26092016-145237/en.php
TT_POPGROWTH,tt_popgrowth,<p17>,Real,14,4,725,SC0014,IA0003,SP5000,SCCAN047.cul,teses.usp.br/teses/disponiveis/11/11152/tde-26092016-145237/en.php
MAX_POP,max_pop,<p18>,Real,14,4,47,SC0014,IA0003,SP5000,SCCAN047.cul,teses.usp.br/teses/disponiveis/11/11152/tde-26092016-145237/en.php
POPTT16,poptt16,<p19>,Real,14,4,11,SC0014,IA0003,SP5000,SCCAN047.cul,teses.usp.br/teses/disponiveis/11/11152/tde-26092016-145237/en.php
LG_AMBASE,lg_ambase,<p20>,Real,14,4,220,SC0014,IA0003,SP5000,SCCAN047.cul,teses.usp.br/teses/disponiveis/11/11152/tde-26092016-145237/en.php
MaxPARCE,maxparce,<p1>,Real,14,4,10.5,SC0007,MI0001,Cv_Mix,SCCAN047.cul,doi: 10.1016/j.fcr.2017.07.022
APFMX,apfmx,<p2>,Real,14,4,0.92,SC0007,MI0001,Cv_Mix,SCCAN047.cul,doi: 10.1016/j.fcr.2017.07.022
STKPFMAX,stkpfmax,<p3>,Real,14,4,0.68,SC0007,MI0001,Cv_Mix,SCCAN047.cul,doi: 10.1016/j.fcr.2017.07.022
SUCA,suca,<p4>,Real,14,4,0.58,SC0007,MI0001,Cv_Mix,SCCAN047.cul,doi: 10.1016/j.fcr.2017.07.022
TBFT,tbft,<p5>,Real,14,4,25,SC0007,MI0001,Cv_Mix,SCCAN047.cul,doi: 10.1016/j.fcr.2017.07.022
Tthalfo,tthalfo,<p6>,Real,14,4,250,SC0007,MI0001,Cv_Mix,SCCAN047.cul,doi: 10.1016/j.fcr.2017.07.022
TBase,tbase,<p7>,Real,14,4,16,SC0007,MI0001,Cv_Mix,SCCAN047.cul,doi: 10.1016/j.fcr.2017.07.022
LFMAX,lfmax,<p8>,Real,14,4,10,SC0007,MI0001,Cv_Mix,SCCAN047.cul,doi: 10.1016/j.fcr.2017.07.022
MXLFAREA,mxlfarea,<p9>,Real,14,4,550,SC0007,MI0001,Cv_Mix,SCCAN047.cul,doi: 10.1016/j.fcr.2017.07.022
MXLFARNO,mxlfarno,<p10>,Real,14,4,22,SC0007,MI0001,Cv_Mix,SCCAN047.cul,doi: 10.1016/j.fcr.2017.07.022
PI1,pi1,<p11>,Real,14,4,89,SC0007,MI0001,Cv_Mix,SCCAN047.cul,doi: 10.1016/j.fcr.2017.07.022
PI2,pi2,<p12>,Real,14,4,107,SC0007,MI0001,Cv_Mix,SCCAN047.cul,doi: 10.1016/j.fcr.2017.07.022
PSWITCH,pswitch,<p13>,Real,14,4,18,SC0007,MI0001,Cv_Mix,SCCAN047.cul,doi: 10.1016/j.fcr.2017.07.022
TTPLNTEM,ttplntem,<p14>,Real,14,4,208,SC0007,MI0001,Cv_Mix,SCCAN047.cul,doi: 10.1016/j.fcr.2017.07.022
TTRATNEM,ttratem,<p15>,Real,14,4,120,SC0007,MI0001,Cv_Mix,SCCAN047.cul,doi: 10.1016/j.fcr.2017.07.022
CHUPIBASE,chupibase,<p16>,Real,14,4,448,SC0007,MI0001,Cv_Mix,SCCAN047.cul,doi: 10.1016/j.fcr.2017.07.022
TT_POPGROWTH,tt_popgrowth,<p17>,Real,14,4,628,SC0007,MI0001,Cv_Mix,SCCAN047.cul,doi: 10.1016/j.fcr.2017.07.022
MAX_POP,max_pop,<p18>,Real,14,4,18,SC0007,MI0001,Cv_Mix,SCCAN047.cul,doi: 10.1016/j.fcr.2017.07.022
POPTT16,poptt16,<p19>,Real,14,4,10,SC0007,MI0001,Cv_Mix,SCCAN047.cul,doi: 10.1016/j.fcr.2017.07.022
LG_AMBASE,lg_ambase,<p20>,Real,14,4,220,SC0007,MI0001,Cv_Mix,SCCAN047.cul,doi: 10.1016/j.fcr.2017.07.022
MaxPARCE,maxparce,<p1>,Real,14,4,10.99808105,SC0007,CT0006,CTC11,SCCAN047.cul,Calibration algorithm (R-Script)
APFMX,apfmx,<p2>,Real,14,4,0.858331854,SC0007,CT0006,CTC11,SCCAN047.cul,Calibration algorithm (R-Script)
STKPFMAX,stkpfmax,<p3>,Real,14,4,0.739588518,SC0007,CT0006,CTC11,SCCAN047.cul,Calibration algorithm (R-Script)
SUCA,suca,<p4>,Real,14,4,0.54307792,SC0007,CT0006,CTC11,SCCAN047.cul,Calibration algorithm (R-Script)
TBFT,tbft,<p5>,Real,14,4,25.13125,SC0007,CT0006,CTC11,SCCAN047.cul,Calibration algorithm (R-Script)
Tthalfo,tthalfo,<p6>,Real,14,4,243.4164583,SC0007,CT0006,CTC11,SCCAN047.cul,Calibration algorithm (R-Script)
TBase,tbase,<p7>,Real,14,4,15.4595625,SC0007,CT0006,CTC11,SCCAN047.cul,Calibration algorithm (R-Script)
LFMAX,lfmax,<p8>,Real,14,4,9.937754167,SC0007,CT0006,CTC11,SCCAN047.cul,Calibration algorithm (R-Script)
MXLFAREA,mxlfarea,<p9>,Real,14,4,564.1152083,SC0007,CT0006,CTC11,SCCAN047.cul,Calibration algorithm (R-Script)
MXLFARNO,mxlfarno,<p10>,Real,14,4,17.68554167,SC0007,CT0006,CTC11,SCCAN047.cul,Calibration algorithm (R-Script)
PI1,pi1,<p11>,Real,14,4,101.116875,SC0007,CT0006,CTC11,SCCAN047.cul,Calibration algorithm (R-Script)
PI2,pi2,<p12>,Real,14,4,148.3104167,SC0007,CT0006,CTC11,SCCAN047.cul,Calibration algorithm (R-Script)
PSWITCH,pswitch,<p13>,Real,14,4,16.2241875,SC0007,CT0006,CTC11,SCCAN047.cul,Calibration algorithm (R-Script)
TTPLNTEM,ttplntem,<p14>,Real,14,4,80.14316,SC0007,CT0006,CTC11,SCCAN047.cul,Calibration algorithm (R-Script)
TTRATNEM,ttratem,<p15>,Real,14,4,200.9060417,SC0007,CT0006,CTC11,SCCAN047.cul,Calibration algorithm (R-Script)
CHUPIBASE,chupibase,<p16>,Real,14,4,400.0567,SC0007,CT0006,CTC11,SCCAN047.cul,Calibration algorithm (R-Script)
TT_POPGROWTH,tt_popgrowth,<p17>,Real,14,4,461.1411617,SC0007,CT0006,CTC11,SCCAN047.cul,Calibration algorithm (R-Script)
MAX_POP,max_pop,<p18>,Real,14,4,16.76494284,SC0007,CT0006,CTC11,SCCAN047.cul,Calibration algorithm (R-Script)
POPTT16,poptt16,<p19>,Real,14,4,11.82504583,SC0007,CT0006,CTC11,SCCAN047.cul,Calibration algorithm (R-Script)
LG_AMBASE,lg_ambase,<p20>,Real,14,4,220,SC0007,CT0006,CTC11,SCCAN047.cul,Calibration algorithm (R-Script)
MaxPARCE,maxparce,<p1>,Real,14,4,8.352251752,SC0016,CT0007,CTC18,SCCAN047.cul,Calibration algorithm (R-Script)
APFMX,apfmx,<p2>,Real,14,4,0.760094167,SC0016,CT0007,CTC18,SCCAN047.cul,Calibration algorithm (R-Script)
STKPFMAX,stkpfmax,<p3>,Real,14,4,0.61079456,SC0016,CT0007,CTC18,SCCAN047.cul,Calibration algorithm (R-Script)
SUCA,suca,<p4>,Real,14,4,0.547819148,SC0016,CT0007,CTC18,SCCAN047.cul,Calibration algorithm (R-Script)
TBFT,tbft,<p5>,Real,14,4,25.13125,SC0016,CT0007,CTC18,SCCAN047.cul,Calibration algorithm (R-Script)
Tthalfo,tthalfo,<p6>,Real,14,4,243.4164583,SC0016,CT0007,CTC18,SCCAN047.cul,Calibration algorithm (R-Script)
TBase,tbase,<p7>,Real,14,4,15.4595625,SC0016,CT0007,CTC18,SCCAN047.cul,Calibration algorithm (R-Script)
LFMAX,lfmax,<p8>,Real,14,4,9.937754167,SC0016,CT0007,CTC18,SCCAN047.cul,Calibration algorithm (R-Script)
MXLFAREA,mxlfarea,<p9>,Real,14,4,564.1152083,SC0016,CT0007,CTC18,SCCAN047.cul,Calibration algorithm (R-Script)
MXLFARNO,mxlfarno,<p10>,Real,14,4,17.68554167,SC0016,CT0007,CTC18,SCCAN047.cul,Calibration algorithm (R-Script)
PI1,pi1,<p11>,Real,14,4,101.116875,SC0016,CT0007,CTC18,SCCAN047.cul,Calibration algorithm (R-Script)
PI2,pi2,<p12>,Real,14,4,148.3104167,SC0016,CT0007,CTC18,SCCAN047.cul,Calibration algorithm (R-Script)
PSWITCH,pswitch,<p13>,Real,14,4,16.2241875,SC0016,CT0007,CTC18,SCCAN047.cul,Calibration algorithm (R-Script)
TTPLNTEM,ttplntem,<p14>,Real,14,4,360.6254,SC0016,CT0007,CTC18,SCCAN047.cul,Calibration algorithm (R-Script)
TTRATNEM,ttratem,<p15>,Real,14,4,200.9060417,SC0016,CT0007,CTC18,SCCAN047.cul,Calibration algorithm (R-Script)
CHUPIBASE,chupibase,<p16>,Real,14,4,404.2905,SC0016,CT0007,CTC18,SCCAN047.cul,Calibration algorithm (R-Script)
TT_POPGROWTH,tt_popgrowth,<p17>,Real,14,4,691.5122646,SC0016,CT0007,CTC18,SCCAN047.cul,Calibration algorithm (R-Script)
MAX_POP,max_pop,<p18>,Real,14,4,13.32341343,SC0016,CT0007,CTC18,SCCAN047.cul,Calibration algorithm (R-Script)
POPTT16,poptt16,<p19>,Real,14,4,11.82504583,SC0016,CT0007,CTC18,SCCAN047.cul,Calibration algorithm (R-Script)
LG_AMBASE,lg_ambase,<p20>,Real,14,4,220,SC0016,CT0007,CTC18,SCCAN047.cul,Calibration algorithm (R-Script)
MaxPARCE,maxparce,<p1>,Real,14,4,11.02644934,SC0017,CT0008,CTC2,SCCAN047.cul,Calibration algorithm (R-Script)
APFMX,apfmx,<p2>,Real,14,4,0.8231232,SC0017,CT0008,CTC2,SCCAN047.cul,Calibration algorithm (R-Script)
STKPFMAX,stkpfmax,<p3>,Real,14,4,0.699921575,SC0017,CT0008,CTC2,SCCAN047.cul,Calibration algorithm (R-Script)
SUCA,suca,<p4>,Real,14,4,0.489785022,SC0017,CT0008,CTC2,SCCAN047.cul,Calibration algorithm (R-Script)
TBFT,tbft,<p5>,Real,14,4,25.13125,SC0017,CT0008,CTC2,SCCAN047.cul,Calibration algorithm (R-Script)
Tthalfo,tthalfo,<p6>,Real,14,4,243.4164583,SC0017,CT0008,CTC2,SCCAN047.cul,Calibration algorithm (R-Script)
TBase,tbase,<p7>,Real,14,4,15.4595625,SC0017,CT0008,CTC2,SCCAN047.cul,Calibration algorithm (R-Script)
LFMAX,lfmax,<p8>,Real,14,4,9.937754167,SC0017,CT0008,CTC2,SCCAN047.cul,Calibration algorithm (R-Script)
MXLFAREA,mxlfarea,<p9>,Real,14,4,564.1152083,SC0017,CT0008,CTC2,SCCAN047.cul,Calibration algorithm (R-Script)
MXLFARNO,mxlfarno,<p10>,Real,14,4,17.68554167,SC0017,CT0008,CTC2,SCCAN047.cul,Calibration algorithm (R-Script)
PI1,pi1,<p11>,Real,14,4,101.116875,SC0017,CT0008,CTC2,SCCAN047.cul,Calibration algorithm (R-Script)
PI2,pi2,<p12>,Real,14,4,148.3104167,SC0017,CT0008,CTC2,SCCAN047.cul,Calibration algorithm (R-Script)
PSWITCH,pswitch,<p13>,Real,14,4,16.2241875,SC0017,CT0008,CTC2,SCCAN047.cul,Calibration algorithm (R-Script)
TTPLNTEM,ttplntem,<p14>,Real,14,4,192.4332,SC0017,CT0008,CTC2,SCCAN047.cul,Calibration algorithm (R-Script)
TTRATNEM,ttratem,<p15>,Real,14,4,200.9060417,SC0017,CT0008,CTC2,SCCAN047.cul,Calibration algorithm (R-Script)
CHUPIBASE,chupibase,<p16>,Real,14,4,405.0199,SC0017,CT0008,CTC2,SCCAN047.cul,Calibration algorithm (R-Script)
TT_POPGROWTH,tt_popgrowth,<p17>,Real,14,4,570.5303108,SC0017,CT0008,CTC2,SCCAN047.cul,Calibration algorithm (R-Script)
MAX_POP,max_pop,<p18>,Real,14,4,17.55391199,SC0017,CT0008,CTC2,SCCAN047.cul,Calibration algorithm (R-Script)
POPTT16,poptt16,<p19>,Real,14,4,11.82504583,SC0017,CT0008,CTC2,SCCAN047.cul,Calibration algorithm (R-Script)
LG_AMBASE,lg_ambase,<p20>,Real,14,4,220,SC0017,CT0008,CTC2,SCCAN047.cul,Calibration algorithm (R-Script)
MaxPARCE,maxparce,<p1>,Real,14,4,13.01302759,SC0018,CT0009,CTC9,SCCAN047.cul,Calibration algorithm (R-Script)
APFMX,apfmx,<p2>,Real,14,4,0.81524629,SC0018,CT0009,CTC9,SCCAN047.cul,Calibration algorithm (R-Script)
STKPFMAX,stkpfmax,<p3>,Real,14,4,0.681908959,SC0018,CT0009,CTC9,SCCAN047.cul,Calibration algorithm (R-Script)
SUCA,suca,<p4>,Real,14,4,0.61011972,SC0018,CT0009,CTC9,SCCAN047.cul,Calibration algorithm (R-Script)
TBFT,tbft,<p5>,Real,14,4,25.13125,SC0018,CT0009,CTC9,SCCAN047.cul,Calibration algorithm (R-Script)
Tthalfo,tthalfo,<p6>,Real,14,4,243.4164583,SC0018,CT0009,CTC9,SCCAN047.cul,Calibration algorithm (R-Script)
TBase,tbase,<p7>,Real,14,4,15.4595625,SC0018,CT0009,CTC9,SCCAN047.cul,Calibration algorithm (R-Script)
LFMAX,lfmax,<p8>,Real,14,4,9.937754167,SC0018,CT0009,CTC9,SCCAN047.cul,Calibration algorithm (R-Script)
MXLFAREA,mxlfarea,<p9>,Real,14,4,564.1152083,SC0018,CT0009,CTC9,SCCAN047.cul,Calibration algorithm (R-Script)
MXLFARNO,mxlfarno,<p10>,Real,14,4,17.68554167,SC0018,CT0009,CTC9,SCCAN047.cul,Calibration algorithm (R-Script)
PI1,pi1,<p11>,Real,14,4,101.116875,SC0018,CT0009,CTC9,SCCAN047.cul,Calibration algorithm (R-Script)
PI2,pi2,<p12>,Real,14,4,148.3104167,SC0018,CT0009,CTC9,SCCAN047.cul,Calibration algorithm (R-Script)
PSWITCH,pswitch,<p13>,Real,14,4,16.2241875,SC0018,CT0009,CTC9,SCCAN047.cul,Calibration algorithm (R-Script)
TTPLNTEM,ttplntem,<p14>,Real,14,4,65.37597,SC0018,CT0009,CTC9,SCCAN047.cul,Calibration algorithm (R-Script)
TTRATNEM,ttratem,<p15>,Real,14,4,200.9060417,SC0018,CT0009,CTC9,SCCAN047.cul,Calibration algorithm (R-Script)
CHUPIBASE,chupibase,<p16>,Real,14,4,401.7547,SC0018,CT0009,CTC9,SCCAN047.cul,Calibration algorithm (R-Script)
TT_POPGROWTH,tt_popgrowth,<p17>,Real,14,4,551.6432462,SC0018,CT0009,CTC9,SCCAN047.cul,Calibration algorithm (R-Script)
MAX_POP,max_pop,<p18>,Real,14,4,19.9726492,SC0018,CT0009,CTC9,SCCAN047.cul,Calibration algorithm (R-Script)
POPTT16,poptt16,<p19>,Real,14,4,11.82504583,SC0018,CT0009,CTC9,SCCAN047.cul,Calibration algorithm (R-Script)
LG_AMBASE,lg_ambase,<p20>,Real,14,4,220,SC0018,CT0009,CTC9,SCCAN047.cul,Calibration algorithm (R-Script)
MaxPARCE,maxparce,<p1>,Real,14,4,10.39445351,SC0019,IA0004,IAC87-3396,SCCAN047.cul,Calibration algorithm (R-Script)
APFMX,apfmx,<p2>,Real,14,4,0.772144788,SC0019,IA0004,IAC87-3396,SCCAN047.cul,Calibration algorithm (R-Script)
STKPFMAX,stkpfmax,<p3>,Real,14,4,0.752165424,SC0019,IA0004,IAC87-3396,SCCAN047.cul,Calibration algorithm (R-Script)
SUCA,suca,<p4>,Real,14,4,0.523969526,SC0019,IA0004,IAC87-3396,SCCAN047.cul,Calibration algorithm (R-Script)
TBFT,tbft,<p5>,Real,14,4,25.13125,SC0019,IA0004,IAC87-3396,SCCAN047.cul,Calibration algorithm (R-Script)
Tthalfo,tthalfo,<p6>,Real,14,4,243.4164583,SC0019,IA0004,IAC87-3396,SCCAN047.cul,Calibration algorithm (R-Script)
TBase,tbase,<p7>,Real,14,4,15.4595625,SC0019,IA0004,IAC87-3396,SCCAN047.cul,Calibration algorithm (R-Script)
LFMAX,lfmax,<p8>,Real,14,4,9.937754167,SC0019,IA0004,IAC87-3396,SCCAN047.cul,Calibration algorithm (R-Script)
MXLFAREA,mxlfarea,<p9>,Real,14,4,564.1152083,SC0019,IA0004,IAC87-3396,SCCAN047.cul,Calibration algorithm (R-Script)
MXLFARNO,mxlfarno,<p10>,Real,14,4,17.68554167,SC0019,IA0004,IAC87-3396,SCCAN047.cul,Calibration algorithm (R-Script)
PI1,pi1,<p11>,Real,14,4,101.116875,SC0019,IA0004,IAC87-3396,SCCAN047.cul,Calibration algorithm (R-Script)
PI2,pi2,<p12>,Real,14,4,148.3104167,SC0019,IA0004,IAC87-3396,SCCAN047.cul,Calibration algorithm (R-Script)
PSWITCH,pswitch,<p13>,Real,14,4,16.2241875,SC0019,IA0004,IAC87-3396,SCCAN047.cul,Calibration algorithm (R-Script)
TTPLNTEM,ttplntem,<p14>,Real,14,4,346.3565128,SC0019,IA0004,IAC87-3396,SCCAN047.cul,Calibration algorithm (R-Script)
TTRATNEM,ttratem,<p15>,Real,14,4,200.9060417,SC0019,IA0004,IAC87-3396,SCCAN047.cul,Calibration algorithm (R-Script)
CHUPIBASE,chupibase,<p16>,Real,14,4,402.065808,SC0019,IA0004,IAC87-3396,SCCAN047.cul,Calibration algorithm (R-Script)
TT_POPGROWTH,tt_popgrowth,<p17>,Real,14,4,494.7126487,SC0019,IA0004,IAC87-3396,SCCAN047.cul,Calibration algorithm (R-Script)
MAX_POP,max_pop,<p18>,Real,14,4,17.57248127,SC0019,IA0004,IAC87-3396,SCCAN047.cul,Calibration algorithm (R-Script)
POPTT16,poptt16,<p19>,Real,14,4,11.82504583,SC0019,IA0004,IAC87-3396,SCCAN047.cul,Calibration algorithm (R-Script)
LG_AMBASE,lg_ambase,<p20>,Real,14,4,220,SC0019,IA0004,IAC87-3396,SCCAN047.cul,Calibration algorithm (R-Script)
MaxPARCE,maxparce,<p1>,Real,14,4,12.80934429,SC0020,IA0005,IAC91-1099,SCCAN047.cul,Calibration algorithm (R-Script)
APFMX,apfmx,<p2>,Real,14,4,0.772905628,SC0020,IA0005,IAC91-1099,SCCAN047.cul,Calibration algorithm (R-Script)
STKPFMAX,stkpfmax,<p3>,Real,14,4,0.74973659,SC0020,IA0005,IAC91-1099,SCCAN047.cul,Calibration algorithm (R-Script)
SUCA,suca,<p4>,Real,14,4,0.523684,SC0020,IA0005,IAC91-1099,SCCAN047.cul,Calibration algorithm (R-Script)
TBFT,tbft,<p5>,Real,14,4,25.13125,SC0020,IA0005,IAC91-1099,SCCAN047.cul,Calibration algorithm (R-Script)
Tthalfo,tthalfo,<p6>,Real,14,4,243.4164583,SC0020,IA0005,IAC91-1099,SCCAN047.cul,Calibration algorithm (R-Script)
TBase,tbase,<p7>,Real,14,4,15.4595625,SC0020,IA0005,IAC91-1099,SCCAN047.cul,Calibration algorithm (R-Script)
LFMAX,lfmax,<p8>,Real,14,4,9.937754167,SC0020,IA0005,IAC91-1099,SCCAN047.cul,Calibration algorithm (R-Script)
MXLFAREA,mxlfarea,<p9>,Real,14,4,564.1152083,SC0020,IA0005,IAC91-1099,SCCAN047.cul,Calibration algorithm (R-Script)
MXLFARNO,mxlfarno,<p10>,Real,14,4,17.68554167,SC0020,IA0005,IAC91-1099,SCCAN047.cul,Calibration algorithm (R-Script)
PI1,pi1,<p11>,Real,14,4,101.116875,SC0020,IA0005,IAC91-1099,SCCAN047.cul,Calibration algorithm (R-Script)
PI2,pi2,<p12>,Real,14,4,148.3104167,SC0020,IA0005,IAC91-1099,SCCAN047.cul,Calibration algorithm (R-Script)
PSWITCH,pswitch,<p13>,Real,14,4,16.2241875,SC0020,IA0005,IAC91-1099,SCCAN047.cul,Calibration algorithm (R-Script)
TTPLNTEM,ttplntem,<p14>,Real,14,4,124.2361,SC0020,IA0005,IAC91-1099,SCCAN047.cul,Calibration algorithm (R-Script)
TTRATNEM,ttratem,<p15>,Real,14,4,200.9060417,SC0020,IA0005,IAC91-1099,SCCAN047.cul,Calibration algorithm (R-Script)
CHUPIBASE,chupibase,<p16>,Real,14,4,404.9177,SC0020,IA0005,IAC91-1099,SCCAN047.cul,Calibration algorithm (R-Script)
TT_POPGROWTH,tt_popgrowth,<p17>,Real,14,4,584.7390527,SC0020,IA0005,IAC91-1099,SCCAN047.cul,Calibration algorithm (R-Script)
MAX_POP,max_pop,<p18>,Real,14,4,19.1723181,SC0020,IA0005,IAC91-1099,SCCAN047.cul,Calibration algorithm (R-Script)
POPTT16,poptt16,<p19>,Real,14,4,11.82504583,SC0020,IA0005,IAC91-1099,SCCAN047.cul,Calibration algorithm (R-Script)
LG_AMBASE,lg_ambase,<p20>,Real,14,4,220,SC0020,IA0005,IAC91-1099,SCCAN047.cul,Calibration algorithm (R-Script)
MaxPARCE,maxparce,<p1>,Real,14,4,9.999036857,SC0021,IA0006,IACSP93-3096,SCCAN047.cul,Calibration algorithm (R-Script)
APFMX,apfmx,<p2>,Real,14,4,0.761489929,SC0021,IA0006,IACSP93-3096,SCCAN047.cul,Calibration algorithm (R-Script)
STKPFMAX,stkpfmax,<p3>,Real,14,4,0.682851198,SC0021,IA0006,IACSP93-3096,SCCAN047.cul,Calibration algorithm (R-Script)
SUCA,suca,<p4>,Real,14,4,0.543309867,SC0021,IA0006,IACSP93-3096,SCCAN047.cul,Calibration algorithm (R-Script)
TBFT,tbft,<p5>,Real,14,4,25.13125,SC0021,IA0006,IACSP93-3096,SCCAN047.cul,Calibration algorithm (R-Script)
Tthalfo,tthalfo,<p6>,Real,14,4,243.4164583,SC0021,IA0006,IACSP93-3096,SCCAN047.cul,Calibration algorithm (R-Script)
TBase,tbase,<p7>,Real,14,4,15.4595625,SC0021,IA0006,IACSP93-3096,SCCAN047.cul,Calibration algorithm (R-Script)
LFMAX,lfmax,<p8>,Real,14,4,9.937754167,SC0021,IA0006,IACSP93-3096,SCCAN047.cul,Calibration algorithm (R-Script)
MXLFAREA,mxlfarea,<p9>,Real,14,4,564.1152083,SC0021,IA0006,IACSP93-3096,SCCAN047.cul,Calibration algorithm (R-Script)
MXLFARNO,mxlfarno,<p10>,Real,14,4,17.68554167,SC0021,IA0006,IACSP93-3096,SCCAN047.cul,Calibration algorithm (R-Script)
PI1,pi1,<p11>,Real,14,4,101.116875,SC0021,IA0006,IACSP93-3096,SCCAN047.cul,Calibration algorithm (R-Script)
PI2,pi2,<p12>,Real,14,4,148.3104167,SC0021,IA0006,IACSP93-3096,SCCAN047.cul,Calibration algorithm (R-Script)
PSWITCH,pswitch,<p13>,Real,14,4,16.2241875,SC0021,IA0006,IACSP93-3096,SCCAN047.cul,Calibration algorithm (R-Script)
TTPLNTEM,ttplntem,<p14>,Real,14,4,304.5464,SC0021,IA0006,IACSP93-3096,SCCAN047.cul,Calibration algorithm (R-Script)
TTRATNEM,ttratem,<p15>,Real,14,4,200.9060417,SC0021,IA0006,IACSP93-3096,SCCAN047.cul,Calibration algorithm (R-Script)
CHUPIBASE,chupibase,<p16>,Real,14,4,403.0828,SC0021,IA0006,IACSP93-3096,SCCAN047.cul,Calibration algorithm (R-Script)
TT_POPGROWTH,tt_popgrowth,<p17>,Real,14,4,502.6016862,SC0021,IA0006,IACSP93-3096,SCCAN047.cul,Calibration algorithm (R-Script)
MAX_POP,max_pop,<p18>,Real,14,4,16.94508589,SC0021,IA0006,IACSP93-3096,SCCAN047.cul,Calibration algorithm (R-Script)
POPTT16,poptt16,<p19>,Real,14,4,11.82504583,SC0021,IA0006,IACSP93-3096,SCCAN047.cul,Calibration algorithm (R-Script)
LG_AMBASE,lg_ambase,<p20>,Real,14,4,220,SC0021,IA0006,IACSP93-3096,SCCAN047.cul,Calibration algorithm (R-Script)
MaxPARCE,maxparce,<p1>,Real,14,4,10.53710176,SC0022,IA0007,IACSP94-2094,SCCAN047.cul,Calibration algorithm (R-Script)
APFMX,apfmx,<p2>,Real,14,4,0.87688338,SC0022,IA0007,IACSP94-2094,SCCAN047.cul,Calibration algorithm (R-Script)
STKPFMAX,stkpfmax,<p3>,Real,14,4,0.597971766,SC0022,IA0007,IACSP94-2094,SCCAN047.cul,Calibration algorithm (R-Script)
SUCA,suca,<p4>,Real,14,4,0.555761426,SC0022,IA0007,IACSP94-2094,SCCAN047.cul,Calibration algorithm (R-Script)
TBFT,tbft,<p5>,Real,14,4,25.13125,SC0022,IA0007,IACSP94-2094,SCCAN047.cul,Calibration algorithm (R-Script)
Tthalfo,tthalfo,<p6>,Real,14,4,243.4164583,SC0022,IA0007,IACSP94-2094,SCCAN047.cul,Calibration algorithm (R-Script)
TBase,tbase,<p7>,Real,14,4,15.4595625,SC0022,IA0007,IACSP94-2094,SCCAN047.cul,Calibration algorithm (R-Script)
LFMAX,lfmax,<p8>,Real,14,4,9.937754167,SC0022,IA0007,IACSP94-2094,SCCAN047.cul,Calibration algorithm (R-Script)
MXLFAREA,mxlfarea,<p9>,Real,14,4,564.1152083,SC0022,IA0007,IACSP94-2094,SCCAN047.cul,Calibration algorithm (R-Script)
MXLFARNO,mxlfarno,<p10>,Real,14,4,17.68554167,SC0022,IA0007,IACSP94-2094,SCCAN047.cul,Calibration algorithm (R-Script)
PI1,pi1,<p11>,Real,14,4,101.116875,SC0022,IA0007,IACSP94-2094,SCCAN047.cul,Calibration algorithm (R-Script)
PI2,pi2,<p12>,Real,14,4,148.3104167,SC0022,IA0007,IACSP94-2094,SCCAN047.cul,Calibration algorithm (R-Script)
PSWITCH,pswitch,<p13>,Real,14,4,16.2241875,SC0022,IA0007,IACSP94-2094,SCCAN047.cul,Calibration algorithm (R-Script)
TTPLNTEM,ttplntem,<p14>,Real,14,4,222.1781925,SC0022,IA0007,IACSP94-2094,SCCAN047.cul,Calibration algorithm (R-Script)
TTRATNEM,ttratem,<p15>,Real,14,4,200.9060417,SC0022,IA0007,IACSP94-2094,SCCAN047.cul,Calibration algorithm (R-Script)
CHUPIBASE,chupibase,<p16>,Real,14,4,401.7866149,SC0022,IA0007,IACSP94-2094,SCCAN047.cul,Calibration algorithm (R-Script)
TT_POPGROWTH,tt_popgrowth,<p17>,Real,14,4,711.3720338,SC0022,IA0007,IACSP94-2094,SCCAN047.cul,Calibration algorithm (R-Script)
MAX_POP,max_pop,<p18>,Real,14,4,14.66577171,SC0022,IA0007,IACSP94-2094,SCCAN047.cul,Calibration algorithm (R-Script)
POPTT16,poptt16,<p19>,Real,14,4,11.82504583,SC0022,IA0007,IACSP94-2094,SCCAN047.cul,Calibration algorithm (R-Script)
LG_AMBASE,lg_ambase,<p20>,Real,14,4,220,SC0022,IA0007,IACSP94-2094,SCCAN047.cul,Calibration algorithm (R-Script)
MaxPARCE,maxparce,<p1>,Real,14,4,12.35315126,SC0023,IA0008,IACSP94-2101,SCCAN047.cul,Calibration algorithm (R-Script)
APFMX,apfmx,<p2>,Real,14,4,0.724738789,SC0023,IA0008,IACSP94-2101,SCCAN047.cul,Calibration algorithm (R-Script)
STKPFMAX,stkpfmax,<p3>,Real,14,4,0.610161529,SC0023,IA0008,IACSP94-2101,SCCAN047.cul,Calibration algorithm (R-Script)
SUCA,suca,<p4>,Real,14,4,0.52146452,SC0023,IA0008,IACSP94-2101,SCCAN047.cul,Calibration algorithm (R-Script)
TBFT,tbft,<p5>,Real,14,4,25.13125,SC0023,IA0008,IACSP94-2101,SCCAN047.cul,Calibration algorithm (R-Script)
Tthalfo,tthalfo,<p6>,Real,14,4,243.4164583,SC0023,IA0008,IACSP94-2101,SCCAN047.cul,Calibration algorithm (R-Script)
TBase,tbase,<p7>,Real,14,4,15.4595625,SC0023,IA0008,IACSP94-2101,SCCAN047.cul,Calibration algorithm (R-Script)
LFMAX,lfmax,<p8>,Real,14,4,9.937754167,SC0023,IA0008,IACSP94-2101,SCCAN047.cul,Calibration algorithm (R-Script)
MXLFAREA,mxlfarea,<p9>,Real,14,4,564.1152083,SC0023,IA0008,IACSP94-2101,SCCAN047.cul,Calibration algorithm (R-Script)
MXLFARNO,mxlfarno,<p10>,Real,14,4,17.68554167,SC0023,IA0008,IACSP94-2101,SCCAN047.cul,Calibration algorithm (R-Script)
PI1,pi1,<p11>,Real,14,4,101.116875,SC0023,IA0008,IACSP94-2101,SCCAN047.cul,Calibration algorithm (R-Script)
PI2,pi2,<p12>,Real,14,4,148.3104167,SC0023,IA0008,IACSP94-2101,SCCAN047.cul,Calibration algorithm (R-Script)
PSWITCH,pswitch,<p13>,Real,14,4,16.2241875,SC0023,IA0008,IACSP94-2101,SCCAN047.cul,Calibration algorithm (R-Script)
TTPLNTEM,ttplntem,<p14>,Real,14,4,369.5882263,SC0023,IA0008,IACSP94-2101,SCCAN047.cul,Calibration algorithm (R-Script)
TTRATNEM,ttratem,<p15>,Real,14,4,200.9060417,SC0023,IA0008,IACSP94-2101,SCCAN047.cul,Calibration algorithm (R-Script)
CHUPIBASE,chupibase,<p16>,Real,14,4,408.7422528,SC0023,IA0008,IACSP94-2101,SCCAN047.cul,Calibration algorithm (R-Script)
TT_POPGROWTH,tt_popgrowth,<p17>,Real,14,4,452.6701116,SC0023,IA0008,IACSP94-2101,SCCAN047.cul,Calibration algorithm (R-Script)
MAX_POP,max_pop,<p18>,Real,14,4,15.00378854,SC0023,IA0008,IACSP94-2101,SCCAN047.cul,Calibration algorithm (R-Script)
POPTT16,poptt16,<p19>,Real,14,4,11.82504583,SC0023,IA0008,IACSP94-2101,SCCAN047.cul,Calibration algorithm (R-Script)
LG_AMBASE,lg_ambase,<p20>,Real,14,4,220,SC0023,IA0008,IACSP94-2101,SCCAN047.cul,Calibration algorithm (R-Script)
MaxPARCE,maxparce,<p1>,Real,14,4,12.51892879,SC0024,SP0001,SP86-0042,SCCAN047.cul,Calibration algorithm (R-Script)
APFMX,apfmx,<p2>,Real,14,4,0.870874408,SC0024,SP0001,SP86-0042,SCCAN047.cul,Calibration algorithm (R-Script)
STKPFMAX,stkpfmax,<p3>,Real,14,4,0.649936844,SC0024,SP0001,SP86-0042,SCCAN047.cul,Calibration algorithm (R-Script)
SUCA,suca,<p4>,Real,14,4,0.519281204,SC0024,SP0001,SP86-0042,SCCAN047.cul,Calibration algorithm (R-Script)
TBFT,tbft,<p5>,Real,14,4,25.13125,SC0024,SP0001,SP86-0042,SCCAN047.cul,Calibration algorithm (R-Script)
Tthalfo,tthalfo,<p6>,Real,14,4,243.4164583,SC0024,SP0001,SP86-0042,SCCAN047.cul,Calibration algorithm (R-Script)
TBase,tbase,<p7>,Real,14,4,15.4595625,SC0024,SP0001,SP86-0042,SCCAN047.cul,Calibration algorithm (R-Script)
LFMAX,lfmax,<p8>,Real,14,4,9.937754167,SC0024,SP0001,SP86-0042,SCCAN047.cul,Calibration algorithm (R-Script)
MXLFAREA,mxlfarea,<p9>,Real,14,4,564.1152083,SC0024,SP0001,SP86-0042,SCCAN047.cul,Calibration algorithm (R-Script)
MXLFARNO,mxlfarno,<p10>,Real,14,4,17.68554167,SC0024,SP0001,SP86-0042,SCCAN047.cul,Calibration algorithm (R-Script)
PI1,pi1,<p11>,Real,14,4,101.116875,SC0024,SP0001,SP86-0042,SCCAN047.cul,Calibration algorithm (R-Script)
PI2,pi2,<p12>,Real,14,4,148.3104167,SC0024,SP0001,SP86-0042,SCCAN047.cul,Calibration algorithm (R-Script)
PSWITCH,pswitch,<p13>,Real,14,4,16.2241875,SC0024,SP0001,SP86-0042,SCCAN047.cul,Calibration algorithm (R-Script)
TTPLNTEM,ttplntem,<p14>,Real,14,4,332.0151864,SC0024,SP0001,SP86-0042,SCCAN047.cul,Calibration algorithm (R-Script)
TTRATNEM,ttratem,<p15>,Real,14,4,200.9060417,SC0024,SP0001,SP86-0042,SCCAN047.cul,Calibration algorithm (R-Script)
CHUPIBASE,chupibase,<p16>,Real,14,4,409.3599849,SC0024,SP0001,SP86-0042,SCCAN047.cul,Calibration algorithm (R-Script)
TT_POPGROWTH,tt_popgrowth,<p17>,Real,14,4,665.9557561,SC0024,SP0001,SP86-0042,SCCAN047.cul,Calibration algorithm (R-Script)
MAX_POP,max_pop,<p18>,Real,14,4,16.240621,SC0024,SP0001,SP86-0042,SCCAN047.cul,Calibration algorithm (R-Script)
POPTT16,poptt16,<p19>,Real,14,4,11.82504583,SC0024,SP0001,SP86-0042,SCCAN047.cul,Calibration algorithm (R-Script)
LG_AMBASE,lg_ambase,<p20>,Real,14,4,220,SC0024,SP0001,SP86-0042,SCCAN047.cul,Calibration algorithm (R-Script)
